PDB_Name,PDB_ID,Max_PDB_TM
length_145_1_76.pdb,1xc6.cif.gz_A,0.5931
length_130_7_44.pdb,1gbo.cif.gz_A,0.9899
length_110_0_53.pdb,3uw9.cif.gz_A,0.9537
length_140_6_88.pdb,8cxr.cif.gz_C,0.5303
length_150_8_95.pdb,2jcp.cif.gz_A,0.9797
length_170_5_38.pdb,4ql3.cif.gz_A,0.9828
length_135_0_42.pdb,6c1z.cif.gz_A,0.9444
length_185_1_33.pdb,6m9u.cif.gz_A,0.6974
length_105_0_35.pdb,7qvt.cif.gz_A,0.967
length_170_4_44.pdb,5w3x.cif.gz_A,0.5223
length_180_0_94.pdb,2amm.cif.gz_X,0.949
length_170_1_62.pdb,4pzy.cif.gz_B,0.9577
length_100_2_55.pdb,6qbf.cif.gz_B,0.5974
length_195_1_63.pdb,4u1f.cif.gz_B,0.4467
length_185_0_48.pdb,1zr5.cif.gz_B,0.7554
length_140_4_1.pdb,3nr3.cif.gz_A,0.8567
length_190_1_24.pdb,1n52.cif.gz_A,0.5239
length_180_7_8.pdb,2f9m.cif.gz_A,0.8599
length_145_4_21.pdb,4eit.cif.gz_B,0.7628
length_195_0_96.pdb,4c5n.cif.gz_C,0.6265
length_185_2_28.pdb,5mr6.cif.gz_B,0.6324
length_120_7_88.pdb,8af0.cif.gz_B,0.9762
length_145_5_48.pdb,3k32.cif.gz_F,0.5282
length_175_3_74.pdb,7wx3.cif.gz_A,0.6409
length_195_2_80.pdb,5h5x.cif.gz_H,0.6673
length_185_4_71.pdb,3ukd.cif.gz_A,0.745
length_180_4_52.pdb,4i1o.cif.gz_C,0.8874
length_125_7_13.pdb,7av8.cif.gz_AAA,0.8429
length_190_2_79.pdb,6u5v.cif.gz_A,0.5853
length_180_3_55.pdb,7f44.cif.gz_A,0.7484
length_110_1_84.pdb,2vyz.cif.gz_A,0.9599
length_145_6_15.pdb,8a58.cif.gz_A,0.5884
length_185_6_2.pdb,3lp5.cif.gz_A,0.7406
length_140_2_39.pdb,6oih.cif.gz_D,0.5848
length_105_7_43.pdb,7vu4.cif.gz_A,0.9397
length_135_7_61.pdb,5n4q.cif.gz_A,0.959
length_160_1_1.pdb,3umr.cif.gz_A,0.5864
length_190_6_76.pdb,7mnj.cif.gz_B,0.629
length_115_4_39.pdb,4nr9.cif.gz_A,0.9425
length_100_4_69.pdb,5vl9.cif.gz_C,0.5552
length_160_0_39.pdb,3ql0.cif.gz_A,0.9571
length_145_8_69.pdb,5l95.cif.gz_B,0.6884
length_170_0_6.pdb,6fa1.cif.gz_B,0.9181
length_130_8_45.pdb,4tt6.cif.gz_A,0.9749
length_195_3_42.pdb,5ajh.cif.gz_C,0.7479
length_135_6_39.pdb,7fwq.cif.gz_A,0.9796
length_110_7_14.pdb,2wp1.cif.gz_A,0.9806
length_175_6_14.pdb,4fmc.cif.gz_B,0.8596
length_125_8_89.pdb,5s9p.cif.gz_A,0.9856
length_185_3_8.pdb,2wsm.cif.gz_A,0.6761
length_150_4_13.pdb,2jcp.cif.gz_A,0.9706
length_155_2_29.pdb,2o14.cif.gz_A,0.7455
length_105_6_1.pdb,4qc3.cif.gz_B,0.9749
length_140_7_6.pdb,3ly6.cif.gz_B,0.6067
length_195_8_23.pdb,5l3r.cif.gz_D,0.5471
length_200_5_29.pdb,5cwb.cif.gz_A,0.496
length_150_3_91.pdb,7vg4.cif.gz_E,0.7639
length_190_5_67.pdb,8ddx.cif.gz_D,0.7007
length_200_4_47.pdb,3wds.cif.gz_C,0.7629
length_175_4_48.pdb,6ses.cif.gz_B,0.6852
length_150_5_30.pdb,2jcp.cif.gz_A,0.9641
length_115_3_27.pdb,4nr9.cif.gz_A,0.9472
length_155_0_98.pdb,1m06.cif.gz_G,0.6683
length_140_1_97.pdb,5h7c.cif.gz_C,0.7498
length_160_4_6.pdb,3kje.cif.gz_A,0.6587
length_160_2_37.pdb,3ql0.cif.gz_A,0.9874
length_130_9_74.pdb,1ip3.cif.gz_B,0.9915
length_140_9_29.pdb,6cfe.cif.gz_A,0.8857
length_120_0_82.pdb,1q5t.cif.gz_B,0.7752
length_200_6_67.pdb,2qgn.cif.gz_A,0.6893
length_200_8_6.pdb,8fbj.cif.gz_A,0.673
length_120_4_32.pdb,6uak.cif.gz_A,0.559
length_100_6_51.pdb,5vqs.cif.gz_A,0.5462
length_195_6_9.pdb,4j2x.cif.gz_C,0.5121
length_150_6_79.pdb,1olp.cif.gz_C,0.4672
length_165_0_61.pdb,5lnc.cif.gz_A,0.7733
length_135_4_41.pdb,6xvu.cif.gz_C,0.7961
length_120_9_12.pdb,6rh1.cif.gz_C,0.9674
length_160_5_36.pdb,6z2c.cif.gz_C,0.8362
length_120_6_89.pdb,7o06.cif.gz_B,0.8962
length_160_9_95.pdb,6o6j.cif.gz_A,0.7087
length_155_5_65.pdb,7uif.cif.gz_n,0.5983
length_125_3_73.pdb,5s9p.cif.gz_A,0.8901
length_175_0_23.pdb,2fn4.cif.gz_A,0.8982
length_160_8_51.pdb,8dt1.cif.gz_A,0.8127
length_145_2_27.pdb,4j72.cif.gz_A,0.6137
length_180_8_51.pdb,4s3j.cif.gz_B,0.5721
length_130_3_37.pdb,1jkb.cif.gz_A,0.9891
length_105_3_63.pdb,4ulx.cif.gz_A,0.9121
length_150_2_13.pdb,2jcp.cif.gz_A,0.9777
length_165_8_57.pdb,6ow4.cif.gz_D,0.5511
length_120_5_79.pdb,4dwl.cif.gz_A,0.617
length_150_7_27.pdb,7sol.cif.gz_C,0.5987
length_105_9_34.pdb,4zql.cif.gz_B,0.9426
length_155_4_69.pdb,4a84.cif.gz_A,0.823
length_150_1_94.pdb,5idq.cif.gz_A,0.7913
length_135_9_44.pdb,7rr8.cif.gz_C,0.6189
length_190_9_2.pdb,2vgd.cif.gz_A,0.9454
length_150_0_34.pdb,4trr.cif.gz_E,0.7741
length_175_2_21.pdb,7opp.cif.gz_C,0.8909
length_185_5_64.pdb,1xnc.cif.gz_A,0.9608
length_185_9_38.pdb,4dlp.cif.gz_A,0.6562
length_140_5_57.pdb,6rw0.cif.gz_A,0.569
length_115_2_39.pdb,4nr9.cif.gz_A,0.9445
length_100_9_21.pdb,5y32.cif.gz_A,0.7863
length_125_1_89.pdb,5s9p.cif.gz_A,0.9882
length_170_2_45.pdb,1zc3.cif.gz_A,0.9283
length_120_3_44.pdb,5s8j.cif.gz_A,0.9031
length_125_4_42.pdb,5s9p.cif.gz_A,0.9856
length_130_6_46.pdb,1ip5.cif.gz_A,0.9882
length_130_5_3.pdb,1tdy.cif.gz_A,0.9923
length_175_5_77.pdb,1i2o.cif.gz_A,0.4826
length_140_0_57.pdb,1qwd.cif.gz_B,0.5783
length_115_7_39.pdb,4nr9.cif.gz_A,0.9414
length_115_1_27.pdb,4rvr.cif.gz_A,0.9403
length_165_9_69.pdb,6c5c.cif.gz_B,0.6874
length_125_6_27.pdb,3jvk.cif.gz_A,0.9838
length_175_1_38.pdb,7opr.cif.gz_A,0.8665
length_185_7_54.pdb,4p8q.cif.gz_A,0.5663
length_135_3_8.pdb,7nrw.cif.gz_A,0.9594
length_200_9_71.pdb,7lic.cif.gz_A,0.6111
length_190_8_56.pdb,4uc3.cif.gz_A,0.5522
length_105_2_48.pdb,1c2y.cif.gz_A,0.7948
length_105_4_56.pdb,2yj7.cif.gz_B,0.9403
length_195_5_24.pdb,7azn.cif.gz_A,0.476
length_110_8_100.pdb,2wp1.cif.gz_A,0.9786
length_155_7_30.pdb,1xww.cif.gz_A,0.7907
length_165_7_47.pdb,5scn.cif.gz_A,0.8835
length_130_2_3.pdb,1ip3.cif.gz_B,0.9909
length_110_3_9.pdb,7usg.cif.gz_A,0.9863
length_125_9_67.pdb,5s9p.cif.gz_A,0.984
length_115_5_19.pdb,4rvr.cif.gz_A,0.941
length_155_8_13.pdb,3kje.cif.gz_A,0.6097
length_175_7_45.pdb,7f24.cif.gz_A,0.597
length_105_1_53.pdb,4xhm.cif.gz_B,0.8978
length_100_7_69.pdb,6nen.cif.gz_A,0.6261
length_110_9_26.pdb,2dww.cif.gz_A,0.9698
length_140_8_72.pdb,2pjl.cif.gz_B,0.5435
length_180_1_97.pdb,4i1o.cif.gz_C,0.8945
length_125_2_29.pdb,1cye.cif.gz_MODEL_1_A,0.9273
length_165_2_51.pdb,5scn.cif.gz_A,0.8762
length_155_1_19.pdb,2e4l.cif.gz_A,0.9606
length_115_6_43.pdb,4rvr.cif.gz_A,0.9475
length_100_8_82.pdb,4mja.cif.gz_A,0.7537
length_145_0_27.pdb,5vpq.cif.gz_B,0.4539
length_110_4_89.pdb,2wp1.cif.gz_A,0.9755
length_100_0_83.pdb,4ofy.cif.gz_E,0.8305
length_170_6_95.pdb,5uw6.cif.gz_D,0.4726
length_165_6_3.pdb,4lu0.cif.gz_B,0.6288
length_110_5_18.pdb,1kfr.cif.gz_A,0.7235
length_150_9_91.pdb,1tll.cif.gz_A,0.5738
length_125_0_3.pdb,5s9p.cif.gz_A,0.9839
length_120_2_84.pdb,7lay.cif.gz_A,0.9471
length_170_3_85.pdb,4pzy.cif.gz_B,0.9764
length_185_8_15.pdb,7ula.cif.gz_B,0.5538
length_160_7_77.pdb,8ctp.cif.gz_A,0.5902
length_190_7_42.pdb,7udm.cif.gz_A,0.6725
length_130_1_54.pdb,7lb3.cif.gz_A,0.8594
length_135_1_65.pdb,6dl2.cif.gz_A,0.8184
length_100_1_63.pdb,5f3o.cif.gz_A,0.7235
length_190_0_80.pdb,5hcn.cif.gz_A,0.6528
length_100_3_38.pdb,3fa4.cif.gz_K,0.6875
length_130_4_9.pdb,4tt6.cif.gz_A,0.9724
length_180_2_94.pdb,3m1l.cif.gz_B,0.6914
length_140_3_40.pdb,5cwb.cif.gz_A,0.7089
length_195_4_13.pdb,5k7v.cif.gz_A,0.6903
length_170_7_4.pdb,4pzy.cif.gz_B,0.9811
length_180_9_47.pdb,7eiv.cif.gz_D,0.5384
length_170_9_60.pdb,7scw.cif.gz_A,0.9678
length_165_1_15.pdb,5c2k.cif.gz_A,0.9212
length_135_2_45.pdb,7fwq.cif.gz_A,0.9298
length_190_3_63.pdb,8hfo.cif.gz_A,0.6227
length_200_0_15.pdb,6hf7.cif.gz_C,0.5684
length_160_3_56.pdb,4kp7.cif.gz_B,0.7486
length_195_7_7.pdb,5yvf.cif.gz_C,0.4436
length_180_6_47.pdb,1xdz.cif.gz_A,0.6394
length_165_5_79.pdb,3ewr.cif.gz_A,0.8463
length_165_4_3.pdb,5tvk.cif.gz_B,0.7556
length_170_8_87.pdb,6fa1.cif.gz_B,0.925
length_145_3_77.pdb,5yqp.cif.gz_B,0.6735
length_100_5_35.pdb,7lej.cif.gz_A,0.91
length_145_7_95.pdb,7m2w.cif.gz_C,0.4849
length_175_8_79.pdb,1zc3.cif.gz_A,0.8796
length_190_4_71.pdb,1xnd.cif.gz_A,0.9536
length_155_3_98.pdb,5csa.cif.gz_A,0.5849
length_155_6_13.pdb,5cwb.cif.gz_A,0.5979
length_115_0_27.pdb,4rvr.cif.gz_A,0.9417
length_115_8_73.pdb,4nr9.cif.gz_A,0.9416
length_135_5_73.pdb,6xvr.cif.gz_A,0.9584
length_175_9_57.pdb,1aqb.cif.gz_A,0.9389
length_145_9_75.pdb,5jy8.cif.gz_A,0.5607
length_125_5_64.pdb,2wp1.cif.gz_A,0.8439
length_200_7_23.pdb,4j72.cif.gz_A,0.45
length_195_9_11.pdb,7ubt.cif.gz_A,0.4839
length_110_2_89.pdb,2wp1.cif.gz_A,0.9613
length_130_0_15.pdb,4tt6.cif.gz_A,0.9748
length_120_8_43.pdb,4l4u.cif.gz_A,0.9197
length_160_6_2.pdb,7lbm.cif.gz_2,0.7357
length_105_8_52.pdb,3okf.cif.gz_B,0.5861
length_105_5_72.pdb,1gcv.cif.gz_A,0.5888
length_200_2_45.pdb,1men.cif.gz_A,0.8992
length_120_1_81.pdb,6vuf.cif.gz_B,0.9207
length_200_1_28.pdb,8cvz.cif.gz_A,0.659
length_180_5_7.pdb,4i1o.cif.gz_C,0.8511
length_200_3_86.pdb,1q7t.cif.gz_B,0.656
length_155_9_2.pdb,3cj9.cif.gz_A,0.6024
length_115_9_39.pdb,3t58.cif.gz_A,0.7609
length_135_8_37.pdb,7lb3.cif.gz_A,0.8981
length_110_6_86.pdb,5dw1.cif.gz_D,0.9828
length_165_3_21.pdb,5mii.cif.gz_A,0.6882
